name,price,link
Bowmore 30 Year Old,"2,350.00",https://www.whiskyshop.com/bowmore-30-year-old
Monkey Shoulder ,35.00,https://www.whiskyshop.com/monkey-shoulder
Loch Lomond The Open Special Edition,40.00,https://www.whiskyshop.com/loch-lomond-the-open-special-edition
Johnnie Walker Blue Label Legendary Eight,275.00,https://www.whiskyshop.com/johnnie-walker-blue-label-legendary-eight
Aberlour 14 Year Old Double Cask ,54.95,https://www.whiskyshop.com/aberlour-14-year-old-double-cask
Gordon & MacPhail Glen Grant 1953 60 Year Old,"2,799.00",https://www.whiskyshop.com/gordon-macphail-glen-grant-1953-60-year-old
Bunnahabhain 30 Year Old,500.00,https://www.whiskyshop.com/bunnahabhain-30-year-old
Benromach 45 Year Old,"1,250.00",https://www.whiskyshop.com/benromach-45-year-old
Benromach 21 Year Old,125.00,https://www.whiskyshop.com/benromach-21-year-old
John Walker & Sons King George V,550.00,https://www.whiskyshop.com/john-walker-sons-king-george-v
Paul John Christmas Edition 2020,54.90,https://www.whiskyshop.com/paul-john-christmas-edition-2020
Compass Box Magic Cask,142.99,https://www.whiskyshop.com/compass-box-magic-cask
Johnnie Walker Blue Label Chinese New Year 2021 - Year of the Ox,224.00,https://www.whiskyshop.com/johnnie-walker-blue-label-chinese-new-year-2021-year-of-the-ox
Balblair 1990 29 Year Old Connoisseur's Choice ,620.00,https://www.whiskyshop.com/balblair-1990-connoisseurs-choice
Old Malt Cask Mortlach 13 Year Old,97.00,https://www.whiskyshop.com/old-malt-cask-mortlach-13-year-old
Benriach 2005 UK Exclusive Peated Rum Cask #7553,120.00,https://www.whiskyshop.com/benriach-2005-14-year-old-7553
Black Bottle 10 Year Old,28.99,https://www.whiskyshop.com/black-bottle-10-year-old
Character of Islay Bowmore 18 Year Old Wind & Waves #11714,294.95,https://www.whiskyshop.com/bowmore-18-year-old-wind-waves-11714
The Singleton of Glen Ord 38 Year Old Epicurean Odyssey,"2,100.00",https://www.whiskyshop.com/the-singleton-of-glen-ord-38-year-old-epicurean-odyssey
Johnnie Walker Black Icon 200th Anniversary,31.99,https://www.whiskyshop.com/johnnie-walker-black-icon-200th-anniversary
Johnnie Walker Gold Icon 200th Anniversary,44.50,https://www.whiskyshop.com/johnnie-walker-gold-icon-200th-anniversary
Glen Moray 2006 Sauternes Cask,79.95,https://www.whiskyshop.com/glen-moray-2006-sauternes-cask-batch-1
Drinks By The Dram Whisky Baubles ,39.95,https://www.whiskyshop.com/drinks-by-the-dram-whisky-baubles
Glenmorangie 12 Year Old Malaga,79.95,https://www.whiskyshop.com/glenmorangie-12-year-old-malaga
Compass Box Peat Monster Arcana,72.99,https://www.whiskyshop.com/compass-box-arcana
anCnoc 2007 #660,94.00,https://www.whiskyshop.com/ancnoc-2007-660
GlenAllachie 2006 #6620,99.00,https://www.whiskyshop.com/glenallachie-2006-6620
Wemyss Malts Bunnahabhain 1990 28 Year Old Boat Captain's Brew,198.99,https://www.whiskyshop.com/bunnahabhain-1990-28-year-old-boat-captains-brew
Wemyss Malts Bowmore 1988 31 Year Old Candied Violets,560.00,https://www.whiskyshop.com/bowmore-1988-31-year-old-candied-violets
Golden Cask Linkwood 12 Year Old,67.99,https://www.whiskyshop.com/golden-cask-linkwood-12-year-old
First Editions Dailuaine 11 Year Old 2008,59.99,https://www.whiskyshop.com/first-editions-dailuaine-11-year-old-2008
First Editions Aultmore 10 Year Old 2010,70.00,https://www.whiskyshop.com/first-editions-aultmore-10-year-old-2010
Talisker 10 Year Old 20cl Hot Chocolate Gift Set,21.90,https://www.whiskyshop.com/talisker-hot-chocolate-gift-set
Talisker Exploration Gift Set 3x5cl,11.99,https://www.whiskyshop.com/talisker-exploration-gift-set
Singleton of Dufftown 12 Year Old Tumbler Gift Set,37.95,https://www.whiskyshop.com/catalog/product/view/id/9164/s/singleton-of-dufftown-12-year-old-tumbler-gift-set/
Johnnie Walker Blue Label Glass Gift Set,158.99,https://www.whiskyshop.com/johnnie-walker-blue-label-glass-gift-set
Johnnie Walker Black Label Glass Gift Set,27.99,https://www.whiskyshop.com/johnnie-walker-black-label-glass-gift-set
Johnnie Walker 18 Year Old Glass Gift Set,84.00,https://www.whiskyshop.com/johnnie-walker-18-year-old-glass-gift-set
Johnnie Walker Black Label Gift Tin,28.95,https://www.whiskyshop.com/johnnie-walker-black-label-gift-tin
Johnnie Walker Green Label Gift Set,42.95,https://www.whiskyshop.com/johnnie-walker-green-label-gift-set
Compass Box Spice Tree Extravaganza,91.95,https://www.whiskyshop.com/compass-box-spice-tree-extravaganza
Compass Box Rogues Banquet,184.95,https://www.whiskyshop.com/compass-box-rogues-banquet
Compass Box Juveniles,94.95,https://www.whiskyshop.com/compass-box-juveniles
Compass Box Flaming Heart,120.00,https://www.whiskyshop.com/compass-box-flaming-heart
Glendronach 27 Year Old #182 Oloroso UK Exclusive Single Cask,420.00,https://www.whiskyshop.com/glendronach-27-year-old-182-oloroso-uk-exclusive-single-cask
Macallan Distil Your World: London,Sold Out,https://www.whiskyshop.com/macallan-distil-your-world-london
Gordon & MacPhail Glen Grant 1954 59 Year Old,"2,500.00",https://www.whiskyshop.com/gordon-macphail-glen-grant-1954-59-year-old
Gordon & MacPhail Mortlach 1949 51 Year Old,"3,999.00",https://www.whiskyshop.com/gordon-macphail-mortlach-1949-51-year-old
Jura The Loch,89.99,https://www.whiskyshop.com/jura-the-loch
GlenAllachie 10 Year Old Cask Strength Batch 4,64.00,https://www.whiskyshop.com/glenallachie-10-year-old-cask-strength-batch-4
Kilchoman Machir Bay Cask Strength Christmas Edition,46.99,https://www.whiskyshop.com/kilchoman-machir-bay-cask-strength-christmas-edition
Darkness Caperdonich 23 Year Old 10188,307.95,https://www.whiskyshop.com/darkness-caperdonich-23-year-old-10188
Darkness Linkwood 19 Year Old Pedro Ximenez Cask 10559,100.95,https://www.whiskyshop.com/darkness-linkwood-19-year-old-pedro-ximenez-cask-10559
Octomore 11.3 Islay Barley,175.00,https://www.whiskyshop.com/octomore-11-3-islay-barley
Bruichladdich Black Art 8,289.95,https://www.whiskyshop.com/bruichladdich-black-art-8
Ardbeg Wee Beastie,35.95,https://www.whiskyshop.com/ardbeg-wee-beastie
The Loch Fyne Bunnahabhain 14 Year Old 2006,95.00,https://www.whiskyshop.com/the-loch-fyne-bunnahabhain-14-year-old-2006
The Loch Fyne Craigellachie 12 Year Old 2008,80.00,https://www.whiskyshop.com/the-loch-fyne-craigellachie-12-year-old-2008
Arran Port Wood Cask Finish,39.99,https://www.whiskyshop.com/arran-port-wood-cask-finish
Arran Sauternes Cask Finish,39.75,https://www.whiskyshop.com/arran-sauternes-cask-finish
The Loch Fyne The Living Cask Batch 10, 45.00,https://www.whiskyshop.com/the-loch-fyne-the-living-cask-batch-10
Macallan 50 Year Old Red Collection,Sold Out,https://www.whiskyshop.com/macallan-50-year-old-red-collection
Johnnie Walker Blue Label 200th Anniversary,195.00,https://www.whiskyshop.com/johnnie-walker-blue-label-200th-anniversary
John Walker & Sons 28 Year Old Bicentenary Blend,725.00,https://www.whiskyshop.com/john-walker-sons-28-year-old-bicentenary-blend
Glenmorangie 10 Year Old Original Giraffe Tin,35.90,https://www.whiskyshop.com/glenmorangie-original-10-year-old-giraffe-tin
GlenAllachie 9 Year Old Rye Cask Finish,58.99,https://www.whiskyshop.com/glenallachie-9-year-old-rye-cask-finish
Glen Scotia 11 Year Old Sherry Double Cask,59.95,https://www.whiskyshop.com/glen-scotia-11-year-old-sherry-double
Darkness 8 Year Old,49.99,https://www.whiskyshop.com/darkness-8-year-old
Character of Islay Tasting Set Pack,29.99,https://www.whiskyshop.com/character-of-islay-tasting-set-pack
Darkness Bowmore 17 Year Old Moscatel Cask Finish,193.99,https://www.whiskyshop.com/bowmore-17-year-old-moscatel-cask-finish
Aerolite Lyndsay Islay 10 Year Old,44.99,https://www.whiskyshop.com/aerolite-lyndsay-islay-10-year-old
Kilchoman 100% Islay 10th Edition,75.00,https://www.whiskyshop.com/kilchoman-100-islay-10th-edition
Dalmore 12 Year Old Sherry Cask Select,69.00,https://www.whiskyshop.com/dalmore-12-year-old-sherry-cask
Deanston 1991 Muscat Cask Finish,270.00,https://www.whiskyshop.com/deanston-1991-muscat-cask-finish
Fettercairn 46 Year Old,"8,500.00",https://www.whiskyshop.com/fettercairn-46-year-old
Tobermory 12 Year Old 2007 Port Pipe Finish,100.00,https://www.whiskyshop.com/tobermory-2007-port-pipe-finish
Ledaig 21 Year Old 1998 Marsala Cask Finish,200.00,https://www.whiskyshop.com/ledaig-1998-marsala-cask-finish
Deanston 2002 Pinot Noir Cask,110.00,https://www.whiskyshop.com/deanston-2002-pinot-noir-cask
Deanston 2002 Organic,134.99,https://www.whiskyshop.com/deanston-2002-organic
Bunnahabhain 2008 Manzanilla Cask,149.99,https://www.whiskyshop.com/bunnahabhain-2008-manzanilla-cask
Bunnahabhain 1997 Moine,369.99,https://www.whiskyshop.com/bunnahabhain-1997-moine
Tobermory 23 Year Old,269.99,https://www.whiskyshop.com/tobermory-23-year-old
Macallan Exceptional Cask 1993 #3917,"6,999.00",https://www.whiskyshop.com/macallan-exceptional-cask-1993-3917
Balvenie Tun 1509 Batch 7,300.00,https://www.whiskyshop.com/balvenie-tun-1509-batch-7
Bowmore Vault Edition 2,68.95,https://www.whiskyshop.com/bowmore-vault-edition-2
Macallan 1990 22 Year Old Fine & Rare #24706,"9,950.00",https://www.whiskyshop.com/macallan-1990-22-year-old-fine-rare
Benriach The Smoky Ten,38.95,https://www.whiskyshop.com/benriach-smoky-ten
Benriach The Original Ten,36.95,https://www.whiskyshop.com/benriach-original-ten
Benriach The Smoky Twelve,42.90,https://www.whiskyshop.com/benriach-the-smoky-twelve
Benriach The Twelve,38.85,https://www.whiskyshop.com/benriach-the-twelve
Loch Lomond 30 Year Old,500.00,https://www.whiskyshop.com/loch-lomond-30-year-old
Loch Lomond 21 Year Old,133.95,https://www.whiskyshop.com/loch-lomond-21-year-old
Pittyvaich 30 Year Old Special Releases 2020,400.00,https://www.whiskyshop.com/pittyvaich-30-year-old-special-releases-2020
Dalwhinnie 30 Year Old Special Releases 2020,550.00,https://www.whiskyshop.com/dalwhinnie-30-year-old-special-releases-2020
Cardhu 11 Year Old Special Releases 2020,85.00,https://www.whiskyshop.com/cardhu-11-year-old-special-releases-2020
Lagavulin 12 Year Old Special Releases 2020,125.00,https://www.whiskyshop.com/lagavulin-12-year-old-special-releases-2020
Talisker 8 Year Old Special Releases 2020,79.99,https://www.whiskyshop.com/talisker-8-year-old-special-releases-2020
Singleton 17 Year Old Special Releases 2020,110.00,https://www.whiskyshop.com/singleton-17-year-old-special-releases-2020
Bunnahabhain Cruach-Mhona,84.99,https://www.whiskyshop.com/bunnahabhain-cruach-mhona
Bunnahabhain Eirigh Na Greine,68.95,https://www.whiskyshop.com/bunnahabhain-eirigh-na-greine
Dalmore Dominium - Travel Retail Exclusive,75.00,https://www.whiskyshop.com/dalmore-dominium
Loch Lomond Wales Open & Celtic Classic Oloroso Cask,84.99,https://www.whiskyshop.com/loch-lomond-wales-open-celtic-classic
Loch Lomond The English Open Sauternes Cask,84.99,https://www.whiskyshop.com/loch-lomond-the-english-open
Loch Lomond British Masters Limousin Oak Cask,84.99,https://www.whiskyshop.com/loch-lomond-british-masters
Loch Lomond The English Championship Rum Cask,89.99,https://www.whiskyshop.com/loch-lomond-the-english-championship
Loch Lomond The UK Championship Tawny Port Cask,89.99,https://www.whiskyshop.com/loch-lomond-the-uk-championship
First Editions Talisker 2010 8 Year Old,105.99,https://www.whiskyshop.com/first-editions-talisker-2010-8-year-old
Fettercairn 22 Year Old,200.00,https://www.whiskyshop.com/fettercairn-22-year-old
Port Charlotte OLC: 01 2010 Heavily Peated,95.00,https://www.whiskyshop.com/port-charlotte-olc-2010
Macallan 18 Year Old Double Cask, 250.00,https://www.whiskyshop.com/macallan-18-year-old-double-cask
Macallan 1954 47 Year Old Fine & Rare #1902,"31,995.00",https://www.whiskyshop.com/macallan-1954-47-year-old-fine-rare
Macallan 1940 37 Year Old Fine & Rare ,"34,995.00",https://www.whiskyshop.com/macallan-1940-37-year-old-fine-rare
The Glenlivet Spectra,99.95,https://www.whiskyshop.com/glenlivet-spectra
Teacher's Highland Cream,20.00,https://www.whiskyshop.com/teachers-highland-cream-whisky
Laphroaig 10 Year Old Cask Strength 2020,77.00,https://www.whiskyshop.com/laphroaig-10-year-old-cask-strength
Glenallachie 2008 #508,89.95,https://www.whiskyshop.com/glenallachie-2008-508
Balvenie The Edge of Burnhead Wood 19 Year Old,260.00,https://www.whiskyshop.com/balvenie-the-edge-of-burnhead-wood-19-year-old
Macallan Rare Cask 2020 Release,225.00,https://www.whiskyshop.com/macallan-rare-cask-2020-release
Port Ellen 40 Year Old 9 Rogue Casks,"6,395.00",https://www.whiskyshop.com/port-ellen-40-year-old-9-rogue-casks
Wemyss Malts Velvet Fig 25 Year Old,Sold Out,https://www.whiskyshop.com/wemyss-malts-velvet-fig-25-year-old
Arran 1995 #217,225.00,https://www.whiskyshop.com/arran-1995-217
Glendronach 1992 27 Year Old #5852,Sold Out,https://www.whiskyshop.com/glendronach-1992-27-year-old-5852
Glenglassaugh 1978 40 Year Old #3060,999.00,https://www.whiskyshop.com/glenglassaugh-1978-40-year-old-3060
Old Malt Cask Ardbeg 32 Year Old 1967,"3,195.00",https://www.whiskyshop.com/old-malt-cask-ardbeg-32-year-old-1967
Glenkeir Treasures Twin Casks Secret Highland 11 Year Old,70.00,https://www.whiskyshop.com/glenkeir-treasures-twin-casks-secret-highland-11-year-old
Glenkeir Treasures Twin Casks Secret Speyside 9 Year Old,68.00,https://www.whiskyshop.com/glenkeir-treasures-twin-casks-secret-speyside-9-year-old
Glen Scotia 2009 #784,65.00,https://www.whiskyshop.com/glen-scotia-2009-784
First Editions Blair Athol 2009,49.95,https://www.whiskyshop.com/first-editions-blair-athol-2009
Ardbeg 1972 VELIER,"6,995.00",https://www.whiskyshop.com/ardbeg-1972-velier
Stylish Whisky Mini Nessie Decanter 10cl,25.00,https://www.whiskyshop.com/stylish-whisky-mini-nessie-decanter-10cl
Stylish Whisky Mini Piper Decanter 10cl,25.00,https://www.whiskyshop.com/stylish-whisky-mini-piper-decanter-10cl
Stylish Whisky Mini Golf Decanter 10cl,25.00,https://www.whiskyshop.com/stylish-whisky-mini-golf-decanter-10cl
Johnnie Walker Blue Label Rare Side of Scotland,215.00,https://www.whiskyshop.com/johnnie-walker-blue-label-rare-side-of-scotland
Arran Sherry Cask The Bodega,52.95,https://www.whiskyshop.com/arran-sherry-cask-the-bodega
Arran Quarter Cask The Bothy,40.94,https://www.whiskyshop.com/arran-quarter-cask-the-bothy
Robert Burns Malt Gift Pack,39.00,https://www.whiskyshop.com/robert-burns-malt-gift-pack
Dailuaine 46 Year Old Platinum Old & Rare,"1,075.00",https://www.whiskyshop.com/dailuaine-46-year-old-platinum-old-rare
Old and Rare Bunnahabhain 30 Year Old,560.00,https://www.whiskyshop.com/old-and-rare-bunnahabhain-30-year-old
Jura 1989,600.00,https://www.whiskyshop.com/jura-1989
Nectar Grove Batch Strength,50.00,https://www.whiskyshop.com/nectar-grove-batch-strength
First Editions Glen Garioch 2008 10 Year Old,70.00,https://www.whiskyshop.com/first-editions-glen-garioch-2008-10-year-old
Glenrothes Whisky Maker's Cut,45.80,https://www.whiskyshop.com/glenrothes-whisky-maker-s-cut
Laphroaig Lore Gift Set,78.95,https://www.whiskyshop.com/laphroaig-lore-gift-set
Johnnie Walker Sweet Peat,30.00,https://www.whiskyshop.com/johnnie-walker-sweet-peat
GlenAllachie 15 Year Old,67.00,https://www.whiskyshop.com/glenallachie-15-year-old
Glendronach 1993 26 Year Old #7434,Sold Out,https://www.whiskyshop.com/glendronach-1993-26-year-old-7434
The Loch Fyne Gift Box Pick 'n' Mix,Sold Out,https://www.whiskyshop.com/the-loch-fyne-gift-builder
Glen Moray 21 Year Old,145.00,https://www.whiskyshop.com/glen-moray-21-year-old
The Lost Distillery Co. Discovery Selection Gift Pack 3x5cl,25.00,https://www.whiskyshop.com/the-lost-distillery-co-discovery-selection-gift-pack-3x5cl
Balvenie Tun 1509 Batch 6,275.00,https://www.whiskyshop.com/balvenie-tun-1509-batch-6
Magnum Highland Cream Liqueur,18.99,https://www.whiskyshop.com/magnum-highland-cream-liqueur
Bruichladdich The Classic Laddie Scottish Barley Gift Pack,52.00,https://www.whiskyshop.com/bruichladdich-the-classic-laddie-scottish-barley-gift-pack
Glen Scotia 45 Year Old,"3,800.00",https://www.whiskyshop.com/glen-scotia-45-year-old
Macallan Exceptional Single Cask 1950,"69,000.00",https://www.whiskyshop.com/macallan-exceptional-single-cask-1950
Balblair 25 Year Old,525.00,https://www.whiskyshop.com/balblair-25-year-old
Glenfiddich Grand Cru 23 Year Old,Sold Out,https://www.whiskyshop.com/glenfiddich-grand-cru-23-year-old
Johnnie Walker Taster Gift Set 3x5cl,20.00,https://www.whiskyshop.com/johnnie-walker-taster-gift-set-3x5cl
Brora 40 Year Old 200th Anniversary,"4,500.00",https://www.whiskyshop.com/brora-40-year-old-200th-anniversary
The Loch Fyne Glentauchers 11 Year Old, 75.00,https://www.whiskyshop.com/the-loch-fyne-glentauchers-11-year-old
The Loch Fyne Aultmore 12 Year Old, 59.99,https://www.whiskyshop.com/the-loch-fyne-aultmore-12-year-old
The Last Drop 56 Year Old,"3,750.00",https://www.whiskyshop.com/the-last-drop-56-year-old
Johnnie Walker Blue Label Ghost & Rare: Glenury Royal,269.00,https://www.whiskyshop.com/johnnie-walker-blue-label-ghost-rare-glenury-royal
Jura Gift Pack 3x5cl,21.00,https://www.whiskyshop.com/jura-gift-pack-3x5cl
GlenAllachie 25 Year Old,250.00,https://www.whiskyshop.com/glenallachie-25-year-old
GlenAllachie 18 Year Old,83.50,https://www.whiskyshop.com/glenallachie-18-year-old
Old Pulteney 25 Year Old - 2019,425.00,https://www.whiskyshop.com/old-pulteney-25-year-old-2019
Highland Park Valfather,60.00,https://www.whiskyshop.com/highland-park-valfather
Talisker 41 Year Old,"2,900.00",https://www.whiskyshop.com/talisker-41-year-old
Highland Park 12 Year Old,40.00,https://www.whiskyshop.com/highland-park-12-year-old
Stylish Whisky Golf Club Decanter 20cl,45.00,https://www.whiskyshop.com/stylish-whisky-golf-club-decanter-20cl
Speyburn Bradan Orach,23.99,https://www.whiskyshop.com/speyburn-bradan-orach
Pot Still Tap & 2 Glasses,80.00,https://www.whiskyshop.com/pot-still-tap-and-glasses
The Lost Distillery Co. Dalaruan,50.00,https://www.whiskyshop.com/the-lost-distillery-co-dalaruan
Auchentoshan Gift Pack 3x5cl,32.00,https://www.whiskyshop.com/auchentoshan-gift-pack-3x5cl
Loch Lomond 12 Year Old Taster Pack,26.00,https://www.whiskyshop.com/loch-lomond-12-year-old-taster-pack
Benromach Cask Strength 2009,58.99,https://www.whiskyshop.com/benromach-cask-strength-2009
Kilchoman Twin Pack 2x20cl,44.95,https://www.whiskyshop.com/kilchoman-twin-pack-2x20cl
Kilchoman Sanaig 20cl,29.00,https://www.whiskyshop.com/kilchoman-sanaig-20cl
Loch Lomond Single Grain,30.00,https://www.whiskyshop.com/loch-lomond-single-grain
Loch Lomond Signature,29.50,https://www.whiskyshop.com/loch-lomond-signature
Glenkeir Treasures Secret Islay 10cl,12.00,https://www.whiskyshop.com/glenkeir-treasures-secret-islay-10cl
Glenkeir Treasures Secret Islay 20cl,24.00,https://www.whiskyshop.com/glenkeir-treasures-secret-islay-20cl
Piper Decanter,80.00,https://www.whiskyshop.com/piper-decanter
Jura 21 Year Old Tide,160.00,https://www.whiskyshop.com/jura-21-year-old-tide
Macallan 10 Year Old Sherry Oak,300.00,https://www.whiskyshop.com/macallan-10-year-old-sherry-oak-1
Port Ellen 39 Year Old Untold Stories: The Spirit Safe,"4,500.00",https://www.whiskyshop.com/port-ellen-39-year-old-untold-stories-the-spirit-safe
Stylish Whisky Globe Decanter 20cl,45.00,https://www.whiskyshop.com/stylish-whisky-globe-decanter-20cl
Bruichladdich The Classic Laddie 20cl,26.00,https://www.whiskyshop.com/bruichladdich-the-classic-laddie-20cl
Longrow Peated,47.00,https://www.whiskyshop.com/longrow-peated
Glencairn Whisky Glasses & Auchentoshan 20cl Gift Set,42.00,https://www.whiskyshop.com/glencairn-whisky-glasses-auchentoshan-20cl-gift-set
Arbikie Highland Rye,250.00,https://www.whiskyshop.com/arbikie-highland-rye
Port Charlotte MRC: 01 2010,99.00,https://www.whiskyshop.com/port-charlotte-mrc-01-2010
Kilchoman Machir Bay,49.00,https://www.whiskyshop.com/kilchoman-marchir-bay
1770 Glasgow Single Malt,49.00,https://www.whiskyshop.com/1770-glasgow-malt
Balvenie A Day of Dark Barley 26 Year Old,625.00,https://www.whiskyshop.com/balvenie-a-day-of-dark-barley-26-year-old
Balvenie The Week of Peat 14 Year Old,54.85,https://www.whiskyshop.com/balvenie-the-week-of-peat-14-year-old
Balvenie The Sweet Toast of American Oak 12 Year Old,50.00,https://www.whiskyshop.com/balvenie-the-sweet-toast-of-american-oak-12-year-old
Macallan Estate 2019,195.00,https://www.whiskyshop.com/macallan-estate
Johnnie Walker 18 Year Old,82.00,https://www.whiskyshop.com/johnnie-walker-18-year-old
Whisky Works Glaswegian 29 Year Old,130.00,https://www.whiskyshop.com/whisky-works-glaswegian-29-year-old
Whisky Works King of Trees 10 Year Old,75.00,https://www.whiskyshop.com/whisky-works-king-of-trees-10-year-old
Balblair 18 Year Old,103.95,https://www.whiskyshop.com/balblair-18-year-old
Balblair 15 Year Old,80.00,https://www.whiskyshop.com/balblair-15-year-old
Kingsbarns Dream to Dram,49.00,https://www.whiskyshop.com/kingsbarns-dream-to-dram
Glenmorangie Grand Vintage Malt 1991,599.95,https://www.whiskyshop.com/glenmorangie-grand-vintage-malt-1991
Balblair 12 Year Old,52.00,https://www.whiskyshop.com/balblair-12-year-old
Compass Box The Spaniard,57.00,https://www.whiskyshop.com/compass-box-the-spaniard
Macallan 1937 32 Year Old Fine & Rare,"34,995.00",https://www.whiskyshop.com/macallan-1937-32-year-old-fine-rare
Macallan 1938 31 Year Old Fine & Rare,"42,500.00",https://www.whiskyshop.com/macallan-1938-31-year-old-fine-rare
Macallan 1947 15 Year Old Fine & Rare,"34,000.00",https://www.whiskyshop.com/macallan-1947-15-year-old-fine-rare
Glenglassaugh Evolution,55.00,https://www.whiskyshop.com/glenglassaugh-evolution
Balvenie 1971 DCS Chapter 4,"20,995.00",https://www.whiskyshop.com/balvenie-1971-dcs-chapter-4
Glen Moray Mastery,850.00,https://www.whiskyshop.com/glen-moray-mastery
Glenkeir Treasures Secret Islay,55.00,https://www.whiskyshop.com/glenkeir-treasures-secret-islay
Auchentoshan American Oak,33.00,https://www.whiskyshop.com/auchentoshan-american-oak
Glen Scotia Victoriana, 73.00,https://www.whiskyshop.com/glen-scotia-victoriana
Talisker 1953 24 Year Old Connoisseur's Choice,"3,000.00",https://www.whiskyshop.com/talisker-1953-24-year-old-connoisseur-s-choice
Talisker 1952 21 Year Old Connoisseur's Choice,"2,500.00",https://www.whiskyshop.com/talisker-1952-21-year-old-connoisseur-s-choice
Johnnie Walker Green Label,40.63,https://www.whiskyshop.com/johnnie-walker-green-label
Ballantine's Miltonduff 17 Year Old,93.00,https://www.whiskyshop.com/ballantine-s-miltonduff-17-year-old
The John Walker ,"2,115.00",https://www.whiskyshop.com/the-john-walker
Glenfiddich 30 Year Old ,500.00,https://www.whiskyshop.com/glenfiddich-30-year-old
Glendronach Peated Cask ,Sold Out,https://www.whiskyshop.com/glendronach-peated-cask
The Macallan M,"4,000.00",https://www.whiskyshop.com/the-macallan-m
Laphroaig Select,33.90,https://www.whiskyshop.com/laphroaig-select
Glenglassaugh 30 Year Old,360.00,https://www.whiskyshop.com/glenglassaugh-30-year-old
The Glenlivet Founder's Reserve,40.00,https://www.whiskyshop.com/the-glenlivet-founder-s-reserve
Glenfiddich 18 Year Old 5cl,11.00,https://www.whiskyshop.com/glenfiddich-18-year-old-5cl
Famous Grouse ,19.00,https://www.whiskyshop.com/famous-grouse
Stag's Breath,25.00,https://www.whiskyshop.com/stag-s-breath
Glenfiddich 15 Year Old Solera 20cl,27.00,https://www.whiskyshop.com/glenfiddich-15-year-old-solera-20cl
Cragganmore Distillers Edition ,63.00,https://www.whiskyshop.com/cragganmore-distillers-edition
Singleton of Dufftown 15 Year Old,48.95,https://www.whiskyshop.com/singleton-of-dufftown-15-year-old
Blairmhor 8 Year Old 35cl,19.00,https://www.whiskyshop.com/blairmhor-8-year-old-35cl
Talisker 10 year old 20cl,26.00,https://www.whiskyshop.com/talisker-10-year-old-20cl
Singleton of Dufftown 18 Year Old,76.00,https://www.whiskyshop.com/singleton-of-dufftown-18-year-old
Compass Box The Peat Monster ,34.95,https://www.whiskyshop.com/compass-box-the-peat-monster
Knockando 12 year old ,45.00,https://www.whiskyshop.com/knockando-12-year-old
Johnnie Walker Blue Label 20cl,60.00,https://www.whiskyshop.com/johnnie-walker-blue-label-20cl
The Glenlivet 12 Year Old,40.00,https://www.whiskyshop.com/the-glenlivet-12-year-old
Glenkinchie 12 year old 20cl,25.00,https://www.whiskyshop.com/glenkinchie-12-year-old-20cl
Dalwhinnie 15 year old 20cl,26.00,https://www.whiskyshop.com/dalwhinnie-15-year-old-20cl
Cragganmore 12 year old 20cl,25.00,https://www.whiskyshop.com/cragganmore-12-year-old-20cl
Chivas Regal 12 Year Old ,34.00,https://www.whiskyshop.com/chivas-regal-12-year-old-whisky
Bunnahabhain 25 Year Old,339.95,https://www.whiskyshop.com/bunnahabhain-25-year-old
Black Bottle,21.00,https://www.whiskyshop.com/black-bottle
BenRiach 10 Year Old Curiositas,47.00,https://www.whiskyshop.com/benriach-10-year-old-curiositas
Whyte & Mackay ,20.00,https://www.whiskyshop.com/whyte-mackay
Teaninich 10 Year Old,47.99,https://www.whiskyshop.com/teaninich-10-year-old
Mannochmore 12 year old,58.00,https://www.whiskyshop.com/mannochmore-12-year-old
Johnnie Walker Red Label,30.00,https://www.whiskyshop.com/johnnie-walker-red-label
GlenDronach 18 Year Old 5cl,15.00,https://www.whiskyshop.com/glendronach-18-year-old-5cl
Glayva ,26.00,https://www.whiskyshop.com/glayva
Loch Lomond 19 Year Old Royal Portrush,160.00,https://www.whiskyshop.com/loch-lomond-19-year-old-royal-portrush
Octomore 10 Year Old Dialogos,160.00,https://www.whiskyshop.com/octomore-10-year-old-dialogos
Glenmorangie Allta Private Edition - 10th Anniversary,79.00,https://www.whiskyshop.com/glenmorangie-allta-private-edition-10th-anniversary
The Glenlivet Nadurra Oloroso Cask Finish,61.00,https://www.whiskyshop.com/the-glenlivet-nadurra-oloroso-cask-finish
Dalmore 40 Year Old 2018 Release,"6,750.00",https://www.whiskyshop.com/dalmore-40-year-old
Johnnie Walker Blenders' Batch Directors Edition 2016,"2,995.00",https://www.whiskyshop.com/johnnie-walker-blenders-batch-directors-edition-2016
Compass Box Malt Whisky Collection,25.00,https://www.whiskyshop.com/compass-box-malt-whisky-collection
Benrinnes 15 Year Old,47.90,https://www.whiskyshop.com/benrinnes-15-year-old
Glenrothes 18 Year Old,96.99,https://www.whiskyshop.com/glenrothes-18-year-old
Glenrothes 12 Year Old,39.84,https://www.whiskyshop.com/glenrothes-12-year-old
Johnnie Walker Gold Label Gift Pack,52.00,https://www.whiskyshop.com/johnnie-walker-gold-label-gift-pack
Chivas Regal Mizunara,52.00,https://www.whiskyshop.com/chivas-regal-mizunara
Monkey Shoulder Smokey Monkey,45.00,https://www.whiskyshop.com/monkey-shoulder-smokey-monkey
Mortlach 12 Year Old The Wee Witchie,50.00,https://www.whiskyshop.com/mortlach-12-year-old-the-wee-witchie
Mortlach 16 Year Old Distiller's Dram,80.00,https://www.whiskyshop.com/mortlach-16-year-old-distillers-dram
Johnnie Walker Blue Label Ghost & Rare: Port Ellen,264.00,https://www.whiskyshop.com/johnnie-walker-blue-label-ghost-rare-port-ellen
Jura 1988,650.00,https://www.whiskyshop.com/jura-1988
Glenfiddich Fire & Cane,43.00,https://www.whiskyshop.com/glenfiddich-fire-cane
The Last Drop Glenrothes 1968 Cask 13504,"5,400.00",https://www.whiskyshop.com/the-last-drop-glenrothes-1968-cask-13504
Ailsa Bay 1.2 Sweet Smoke,60.00,https://www.whiskyshop.com/ailsa-bay-1-2
Fettercairn 40 Year Old,"3,000.00",https://www.whiskyshop.com/fettercairn-40-year-old
GlenDronach 15 Year Old Revival,56.50,https://www.whiskyshop.com/glendronach-revival-15-year-old
Fettercairn 28 Year Old,550.00,https://www.whiskyshop.com/fettercairn-28-year-old
Fettercairn 12 Year Old,47.00,https://www.whiskyshop.com/fettercairn-12-year-old
Macallan 30 Year Old Sherry Oak 2020,"4,750.00",https://www.whiskyshop.com/macallan-30-year-old-sherry-oak-2020
Old Pulteney 18 Year Old,97.95,https://www.whiskyshop.com/old-pulteney-18-year-old
Old Pulteney 15 Year Old,58.90,https://www.whiskyshop.com/old-pulteney-15-year-old
Macallan M Black,"8,000.00",https://www.whiskyshop.com/macallan-m-black
The Glenlivet Captain's Reserve,48.00,https://www.whiskyshop.com/the-glenlivet-captain-s-reserve
Glenfiddich Winter Storm Batch 2,199.00,https://www.whiskyshop.com/glenfiddich-winter-storm-batch-2
Port Charlotte 10 Year Old,43.99,https://www.whiskyshop.com/port-charlotte-10-year-old
Talisker 40 Year Old,"2,750.00",https://www.whiskyshop.com/talisker-40-year-old
BenRiach 21 Year Old,139.99,https://www.whiskyshop.com/benriach-21-year-old
The Loch Fyne Chocolate & Orange Liqueur 5cl,7.00,https://www.whiskyshop.com/the-loch-fyne-chocolate-orange-liqueur-5cl
The Loch Fyne Blend 5cl,7.00,https://www.whiskyshop.com/the-loch-fyne-blend-5cl
The Tweeddale The Evolution,175.00,https://www.whiskyshop.com/the-tweeddale-the-evolution
Classic Malts Gentle Collection,39.99,https://www.whiskyshop.com/classic-malts-gentle-collection
Classic Malts Coastal Collection,39.99,https://www.whiskyshop.com/classic-malts-coastal-collection
Classic Malt Pack Strong 3 x 20cl,44.95,https://www.whiskyshop.com/classic-malts-strong-collection
Golf Ball on Tee with Tap,80.00,https://www.whiskyshop.com/golf-ball-on-tee-with-tap
Johnnie Walker Gold Label Reserve,52.00,https://www.whiskyshop.com/johnnie-walker-gold-label-reserve
Johnnie Walker Double Black,49.00,https://www.whiskyshop.com/johnnie-walker-double-black
Johnnie Walker Blue Label, 150.00,https://www.whiskyshop.com/johnnie-walker-blue-label
Johnnie Walker Black Label,44.00,https://www.whiskyshop.com/johnnie-walker-black-label
Jura 18 Year Old,75.00,https://www.whiskyshop.com/jura-18-year-old
Bunnahabhain 40 Year Old,"2,225.00",https://www.whiskyshop.com/bunnahabhain-40-year-old
Jura Seven Wood,59.00,https://www.whiskyshop.com/jura-seven-wood
Bunnahabhain Toiteach A Dha,32.90,https://www.whiskyshop.com/bunnahabhain-toiteach-a-dha
Spice Tree ,50.00,https://www.whiskyshop.com/spice-tree
Dalmore 45 Year Old,"11,000.00",https://www.whiskyshop.com/dalmore-45-year-old
Bunnahabhain 1980 Canasta Cask Finish,"1,800.00",https://www.whiskyshop.com/bunnahabhain-1980-canasta-cask-finish
Jura 12 Year Old,45.00,https://www.whiskyshop.com/jura-12-year-old
Macallan 18 Year Old Sherry Oak 2020, 325.00,https://www.whiskyshop.com/macallan-18-year-old-sherry-oak-2020
Caol Ila 12 Year Old 20cl,28.00,https://www.whiskyshop.com/caol-ila-12-year-old-20cl
Shackleton Blended Malt Scotch, 40.00,https://www.whiskyshop.com/shackleton-blended-malt-scotch
Bunnahabhain Stiuireadair,33.95,https://www.whiskyshop.com/bunnahabhain-stiuireadair
Globe and 4 Glasses,80.00,https://www.whiskyshop.com/globe-and-4-glasses
Macallan No 6 1824 Series ,"2,800.00",https://www.whiskyshop.com/macallan-no-6-1824-series
Barrel and 2 Glasses,80.00,https://www.whiskyshop.com/barrel-and-2-glasses
Auchentoshan Gift Pack 3 x 20cl,69.00,https://www.whiskyshop.com/auchentoshan-gift-pack-3x20cl
Old Malt Cask Highland Park 19 Year Old,299.00,https://www.whiskyshop.com/old-malt-cask-highland-park-19-year-old
Barley Tap and 2 Glasses,80.00,https://www.whiskyshop.com/barley-tap-and-2-glasses
Glenfiddich IPA Experiment,57.00,https://www.whiskyshop.com/glenfiddich-ipa-experiment
Aberlour A'bunadh ,91.00,https://www.whiskyshop.com/aberlour-abunadh
Laphroaig Lore,67.95,https://www.whiskyshop.com/laphroaig-lore
Aberlour 18 Year Old ,Sold Out,https://www.whiskyshop.com/aberlour-18-year-old
Old Pulteney 1983 Vintage,500.00,https://www.whiskyshop.com/old-pulteney-1983-vintage
Dalmore 35 Year Old,"4,500.00",https://www.whiskyshop.com/dalmore-35-year-old
Chivas Regal 25 year old,285.00,https://www.whiskyshop.com/chivas-regal-25-year-old
Old Pulteney 25 Year Old,300.00,https://www.whiskyshop.com/old-pulteney-25-year-old
The Lost Distillery Co. Lossit,50.00,https://www.whiskyshop.com/the-lost-distillery-co-lossit
Ardbeg An Oa,49.00,https://www.whiskyshop.com/ardbeg-an-oa
Dalmore Quintessence,"1,000.00",https://www.whiskyshop.com/dalmore-quintessence
Arran 10 Year Old,32.90,https://www.whiskyshop.com/arran-10-year-old
Caol Ila Moch,70.00,https://www.whiskyshop.com/caol-ila-moch
The Lost Distillery Co. Jericho,50.00,https://www.whiskyshop.com/the-lost-distillery-co-jericho
Highland Park Fire,190.00,https://www.whiskyshop.com/highland-park-fire
Talisker Skye ,45.00,https://www.whiskyshop.com/talisker-skye
Inchmurrin Taster Pack,28.00,https://www.whiskyshop.com/inchmurrin-taster-pack
BenRiach Heart of Speyside,40.00,https://www.whiskyshop.com/benriach-heart-of-speyside
The Lost Distillery Co. Gerston,43.99,https://www.whiskyshop.com/the-lost-distillery-co-gerston
Robert Burns Malt,39.00,https://www.whiskyshop.com/robert-burns-malt
Loch Lomond Taster Pack,26.00,https://www.whiskyshop.com/loch-lomond-taster-pack
Chivas Regal 18 Year Old,59.50,https://www.whiskyshop.com/chivas-regal-18-year-old
Aberlour 12 Year Old,38.95,https://www.whiskyshop.com/aberlour-12-year-old
The Loch Fyne Whisky Taster Pack,25.00,https://www.whiskyshop.com/the-loch-fyne-whisky-gift-pack
Laphroaig Quarter Cask,37.99,https://www.whiskyshop.com/laphroaig-quarter-cask
Talisker Storm,39.50,https://www.whiskyshop.com/talisker-storm
The Lost Distillery Co. Auchnagie,50.00,https://www.whiskyshop.com/the-lost-distillery-co-auchnagie
Benromach 10 Year Old,31.95,https://www.whiskyshop.com/benromach-10-year-old
Loch Lomond Inchmoan 12 Year Old,38.99,https://www.whiskyshop.com/inchmoan-12-year-old
Highland Park 30 Year Old 2019 Release,800.00,https://www.whiskyshop.com/highland-park-30-year-old
Talisker Port Ruighe,46.95,https://www.whiskyshop.com/talisker-port-ruighe
Macallan 25 Year Old Sherry Oak 2020,"1,650.00",https://www.whiskyshop.com/macallan-25-year-old-sherry-oak-2020
Haig Club,35.00,https://www.whiskyshop.com/haig-club
Glen Scotia Taster Pack,24.00,https://www.whiskyshop.com/glen-scotia-taster-pack
Bowmore 25 Year Old,379.00,https://www.whiskyshop.com/bowmore-25-year-old
Auchentoshan Three Wood,43.50,https://www.whiskyshop.com/auchentoshan-three-wood
Glen Scotia 25 Year Old,275.00,https://www.whiskyshop.com/glen-scotia-25-year-old
Benromach Organic,42.99,https://www.whiskyshop.com/benromach-organic
Laphroaig Triple Wood,59.00,https://www.whiskyshop.com/laphroaig-triple-wood
Talisker Distillers Edition,67.00,https://www.whiskyshop.com/talisker-distillers-edition
Dalmore King Alexander III,189.00,https://www.whiskyshop.com/dalmore-king-alexander-iii
Balvenie 21 Year Old PortWood,165.00,https://www.whiskyshop.com/balvenie-21-year-old-portwood
Glen Scotia 18 Year Old,83.95,https://www.whiskyshop.com/glen-scotia-18-year-old
Cragganmore 12 Year Old,52.00,https://www.whiskyshop.com/cragganmore-12-year-old
The Loch Fyne Glentauchers 8 Year Old,55.00,https://www.whiskyshop.com/the-loch-fyne-glentauchers-8-year-old
Arran Gold Cream Liqueur,16.99,https://www.whiskyshop.com/arran-gold-cream-liqueur
Glen Moray 25 Year Old,148.90,https://www.whiskyshop.com/glen-moray-25-year-old
Laphroaig 10 Year Old Whisky,37.95,https://www.whiskyshop.com/laphroaig-10-year-old
Highland Park 21 Year Old,210.00,https://www.whiskyshop.com/highland-park-21-year-old
Cardhu 12 Year Old Gift Set,44.00,https://www.whiskyshop.com/cardhu-12-year-old-gift-set
Glenmorangie Quinta Ruban,58.00,https://www.whiskyshop.com/glenmorangie-quinta-ruban
Glendronach Parliament 21 Year Old,128.95,https://www.whiskyshop.com/glendronach-parliament-21-year-old
Dalmore Cigar Malt,80.00,https://www.whiskyshop.com/dalmore-cigar-malt
Craigellachie 23 Year Old,395.00,https://www.whiskyshop.com/craigellachie-23-year-old
Bowmore 18 Year Old, 89.50,https://www.whiskyshop.com/bowmore-18-year-old
Balvenie 17 Year Old DoubleWood,99.95,https://www.whiskyshop.com/balvenie-17-year-old-doublewood
Kilkerran 12 Year Old,44.00,https://www.whiskyshop.com/kilkerran-12-year-old
Glen Scotia 15 Year Old,63.00,https://www.whiskyshop.com/glen-scotia-15-year-old
Oban 14 Year Old 20cl,29.00,https://www.whiskyshop.com/oban-14-year-old-20cl
Deanston Virgin Oak,34.00,https://www.whiskyshop.com/deanston-virgin-oak
Glen Moray 18 Year Old,62.70,https://www.whiskyshop.com/glen-moray-18-year-old
Ledaig 18 Year Old,89.00,https://www.whiskyshop.com/ledaig-18-year-old
Highland Park 18 Year Old,97.99,https://www.whiskyshop.com/highland-park-18-year-old
Speyburn 15 Year Old,68.00,https://www.whiskyshop.com/speyburn-15-year-old
Glenmorangie Nectar D'Or,65.00,https://www.whiskyshop.com/glenmorangie-nectar-d-or
Glenfiddich 15 Year Old Solera,46.50,https://www.whiskyshop.com/glenfiddich-15-year-old-solera
Caol Ila 18 Year Old, 94.00,https://www.whiskyshop.com/caol-ila-18-year-old
Port Ellen 1983 - Authors' Series - Alfred Tennyson,"2,800.00",https://www.whiskyshop.com/port-ellen-1983-authors-series-alfred-tennyson
Oban Little Bay, 55.99,https://www.whiskyshop.com/oban-little-bay
Probably Speyside's Finest 50 Year Old Platinum Old & Rare,"1,699.95",https://www.whiskyshop.com/probably-speyside-s-finest-50-year-old-platinum-old-rare
Dalwhinnie Distillers Edition,66.95,https://www.whiskyshop.com/dalwhinnie-distillers-edition
Glen Moray 15 Year Old,47.64,https://www.whiskyshop.com/glen-moray-15-year-old
The Glenlivet 18 Year Old,99.00,https://www.whiskyshop.com/the-glenlivet-18-year-old
Lagavulin Distillers Edition - 2019 Edition,83.95,https://www.whiskyshop.com/lagavulin-distillers-edition-2019-edition
Glenmorangie Lasanta,55.00,https://www.whiskyshop.com/glenmorangie-lasanta
GlenDronach 18 Year Old ,97.85,https://www.whiskyshop.com/glendronach-18-year-old
Dalmore 18 Year Old,125.00,https://www.whiskyshop.com/dalmore-18-year-old
Dailuaine 16 Year Old,55.90,https://www.whiskyshop.com/dailuaine-16-year-old
Cardhu 18 Year Old,86.00,https://www.whiskyshop.com/cardhu-18-year-old
Bunnahabhain 18 Year Old, 125.00,https://www.whiskyshop.com/bunnahabhain-18-year-old
Bowmore 15 Year Old, 49.25,https://www.whiskyshop.com/bowmore-15-year-old
Auchentoshan 18 Year Old,96.00,https://www.whiskyshop.com/auchentoshan-18-year-old
Ardbeg Uigeadail, 67.00,https://www.whiskyshop.com/ardbeg-uigeadail
Loch Lomond 18 Year Old, 64.99,https://www.whiskyshop.com/loch-lomond-18-year-old
Glen Elgin 18 Year Old 2017 Special Release,300.00,https://www.whiskyshop.com/glen-elgin-18-year-old-2017-special-release
Clynelish 14 Year Old 20cl,22.50,https://www.whiskyshop.com/clynelish-14-year-old-20cl
Glen Scotia Double Cask,45.00,https://www.whiskyshop.com/glen-scotia-double-cask
Glen Moray 12 Year Old,37.00,https://www.whiskyshop.com/glen-moray-12-year-old
Deanston 18 Year Old,90.00,https://www.whiskyshop.com/deanston-18-year-old
The Glenlivet 15 Year Old,60.00,https://www.whiskyshop.com/the-glenlivet-15-year-old
Talisker 18 Year Old,77.95,https://www.whiskyshop.com/talisker-18-year-old
Oban Distillers Edition, 67.99,https://www.whiskyshop.com/oban-distillers-edition
Macallan 12 Year Old Sherry Oak, 75.00,https://www.whiskyshop.com/macallan-12-year-old-sherry-oak
Dalwhinnie Winter's Gold,49.00,https://www.whiskyshop.com/dalwhinnie-winters-gold
Glenkinchie 12 Year Old,52.00,https://www.whiskyshop.com/glenkinchie-12-year-old
Dalmore 15 Year Old,72.00,https://www.whiskyshop.com/dalmore-15-year-old
Cardhu 15 Year Old,65.00,https://www.whiskyshop.com/cardhu-15-year-old
Bunnahabhain 12 Year Old, 47.00,https://www.whiskyshop.com/bunnahabhain-12-year-old
Bruichladdich Islay Barley,67.00,https://www.whiskyshop.com/bruichladdich-islay-barley
Ballantine's 17 Year Old Scapa Edition ,100.00,https://www.whiskyshop.com/ballantine-s-17-year-old-scapa-edition
Ardbeg Corryvreckan,80.00,https://www.whiskyshop.com/ardbeg-corryvreckan
Loch Fyne Bunnahabhain 14 Year Old,95.00,https://www.whiskyshop.com/the-loch-fyne-bunnahabhain-14-year-old
The Loch Fyne Chocolate & Orange Liqueur, 24.20,https://www.whiskyshop.com/the-loch-fyne-chocolate-orange-liqueur
The Loch Fyne Blend, 24.00,https://www.whiskyshop.com/the-loch-fyne-blend
Talisker 10 Year Old,35.95,https://www.whiskyshop.com/talisker-10-year-old
Singleton of Dufftown 12 Year Old,34.55,https://www.whiskyshop.com/singleton-of-dufftown-12-year-old
Old Pulteney 12 Year Old,44.00,https://www.whiskyshop.com/old-pulteney-12-year-old
Oban 14 Year Old,48.95,https://www.whiskyshop.com/oban-14-year-old
Ledaig 10 Year Old Un Chill Filtered,50.00,https://www.whiskyshop.com/ledaig-10-year-old-un-chill-filtered
Glenmorangie 18 Year Old,99.00,https://www.whiskyshop.com/glenmorangie-18-year-old
Glenfiddich 12 Year Old,45.00,https://www.whiskyshop.com/glenfiddich-12-year-old
GlenDronach 12 Year Old,49.00,https://www.whiskyshop.com/glendronach-12-year-old
Deanston 12 Year Old,49.00,https://www.whiskyshop.com/deanston-12-year-old
Dalwhinnie 15 Year Old,50.00,https://www.whiskyshop.com/dalwhinnie-15-year-old
Dalmore 12 Year Old,50.00,https://www.whiskyshop.com/dalmore-12-year-old
Clynelish 14 Year Old,51.00,https://www.whiskyshop.com/clynelish-14-year-old
Cardhu 12 Year Old,50.00,https://www.whiskyshop.com/cardhu-12-year-old
Caol Ila 12 Year Old, 51.00,https://www.whiskyshop.com/caol-ila-12-year-old
Blair Athol 12 Year Old,41.90,https://www.whiskyshop.com/blair-athol-12-year-old
Balvenie 12 Year Old DoubleWood,40.00,https://www.whiskyshop.com/balvenie-12-year-old-doublewood
Auchroisk 10 Year Old,39.99,https://www.whiskyshop.com/auchroisk-10-year-old
Auchentoshan 12 Year Old,34.25,https://www.whiskyshop.com/auchentoshan-12-year-old
Ardbeg 10 Year Old ,39.94,https://www.whiskyshop.com/ardbeg-10-year-old-whisky
The Loch Fyne The Living Cask 1745, 75.00,https://www.whiskyshop.com/the-loch-fyne-the-living-cask-1745
anCnoc 12 Year Old,38.00,https://www.whiskyshop.com/ancnoc-12-year-old
Old Fashioned Cocktail Bundle,Sold Out,https://www.whiskyshop.com/old-fashioned-cocktail-bundle
Johnnie Walker Gold Label Glass Gift Set,Sold Out,https://www.whiskyshop.com/johnnie-walker-gold-label-glass-gift-set
The Naked Grouse,30.00,https://www.whiskyshop.com/the-naked-grouse
Glenmorangie Original,45.00,https://www.whiskyshop.com/glenmorangie-original
The Black Grouse ,28.00,https://www.whiskyshop.com/the-black-grouse
Glenfarclas 1996 ,340.00,https://www.whiskyshop.com/glenfarclas-1996
Glenfarclas 1984 ,"5,500.00",https://www.whiskyshop.com/glenfarclas-1984
Glenfarclas 1975 ,"5,900.00",https://www.whiskyshop.com/glenfarclas-1975
Glenfarclas 1974,"3,500.00",https://www.whiskyshop.com/glenfarclas-1974
Glenfarclas 1973,"3,500.00",https://www.whiskyshop.com/glenfarclas-1973
Glenfarclas 1967,"3,999.00",https://www.whiskyshop.com/glenfarclas-1967
Glenfarclas 1965,"3,999.00",https://www.whiskyshop.com/glenfarclas-1965
Glenfarclas 1961,"4,400.00",https://www.whiskyshop.com/glenfarclas-1961
Glenfarclas 1958,"7,300.00",https://www.whiskyshop.com/glenfarclas-1958
Glenfarclas 1957,"10,850.00",https://www.whiskyshop.com/glenfarclas-1957
Aberlour 16 Year Old ,74.50,https://www.whiskyshop.com/aberlour-16-year-old
Robert Burns Blend ,28.00,https://www.whiskyshop.com/robert-burns-blend
Caol Ila 25 year old ,225.00,https://www.whiskyshop.com/caol-ila-25-year-old
Arran Machrie Moor ,55.00,https://www.whiskyshop.com/arran-machrie-moor
Arran Sauternes Wood Finish ,60.00,https://www.whiskyshop.com/arran-sauternes-wood-finish
Old Pulteney Stroma Liqueur ,29.00,https://www.whiskyshop.com/old-pulteney-stroma-liqueur
Glen Spey 12 Year Old ,56.00,https://www.whiskyshop.com/glen-spey-12-year-old
Drambuie ,36.00,https://www.whiskyshop.com/drambuie
